Method,RMSE (Observed),NLL (Observed),ELBO (Observed),RMSE (Missing),NLL (Missing),ELBO (Missing),Latent KS,Coverage (Overall),Coverage (Observed),Coverage (Missing),Uncertainty-Error Corr (Observed),Uncertainty-Error Corr (Missing),Training Time,Latent Log Prob
GP_VAE0_0.1_0_alpha_1.0_beta_0.01_lr_0.0005_noise_std_0.1_noise_sigma_0.01,0.0132,-2790.4344,-230847.9718,0.5809,8255.4011,-241893.8073,N,0.9745,0.9722,0.9943,0.2636,-0.1352,128.4492,-10.347522601905872
GP_VAE1_0.1_0_alpha_1.0_beta_0.001_lr_0.0005_noise_std_0.1_noise_sigma_0.001,0.0122,-2797.6565,-320464.5935,0.7093,5958.2635,-329220.5135,N,0.925,0.9211,0.9587,0.2722,0.2215,128.4492,-9.461695537391712
Mean_Imputation_0.1_0,0.0,-2810.0894,N,1.0621,7604.1973,N,N,N,N,N,N,N,N,
KNN_Imputation_0.1_0,0.0,-2810.0894,N,1.0626,7610.8134,N,N,N,N,N,N,N,N,
MICE_Imputation_0.1_0,0.0,-2810.0894,N,1.0626,7610.8134,N,N,N,N,N,N,N,N,
Posterior_Consistency_0.1_0,0.0447,-1933.6721,-21228.742,0.4953,2338.2972,-25500.7113,N,0.9873,0.9998,0.8805,0.0528,0.3368,133.1683,-11.368711337867786
GP_VAE0_0.1_1_alpha_1.0_beta_0.01_lr_0.0005_noise_std_0.1_noise_sigma_0.01,0.028,-2756.4235,-217448.6702,0.5397,10269.6406,-230474.7343,N,0.7263,0.6946,1.0,0.019,0.1069,194.2438,-11.238324985328724
GP_VAE1_0.1_1_alpha_1.0_beta_0.001_lr_0.0005_noise_std_0.1_noise_sigma_0.001,0.0193,-2784.8419,-319874.3143,0.6278,5083.8227,-327742.9789,N,0.6307,0.5905,0.9779,0.1456,0.1084,194.2438,-10.368813381019642
Mean_Imputation_0.1_1,0.0,-2811.2512,N,1.0163,6909.9348,N,N,N,N,N,N,N,N,
KNN_Imputation_0.1_1,0.0,-2811.2512,N,1.0156,6900.1618,N,N,N,N,N,N,N,N,
MICE_Imputation_0.1_1,0.0,-2811.2512,N,1.0156,6900.1618,N,N,N,N,N,N,N,N,
Posterior_Consistency_0.1_1,0.0428,-1942.8474,-21244.3362,0.4718,2171.9906,-25359.1742,N,0.9886,0.9998,0.8915,0.0927,0.275,131.2703,-11.369722232643177
GP_VAE0_0.1_2_alpha_1.0_beta_0.01_lr_0.0005_noise_std_0.1_noise_sigma_0.01,0.0139,-2806.1219,-230955.8,0.5809,8082.883,-241844.8049,N,0.9636,0.9597,0.9992,0.1954,0.0285,118.4871,-11.232563838783314
GP_VAE1_0.1_2_alpha_1.0_beta_0.001_lr_0.0005_noise_std_0.1_noise_sigma_0.001,0.017,-2806.762,-282270.5192,0.6077,4372.3666,-289449.6479,N,0.7479,0.7232,0.9744,0.0752,0.1278,118.4871,-11.267373905006458
Mean_Imputation_0.1_2,0.0,-2828.4454,N,1.0145,6519.9896,N,N,N,N,N,N,N,N,
KNN_Imputation_0.1_2,0.0,-2828.4454,N,1.0152,6530.0564,N,N,N,N,N,N,N,N,
MICE_Imputation_0.1_2,0.0,-2828.4454,N,1.0152,6530.0564,N,N,N,N,N,N,N,N,
Posterior_Consistency_0.1_2,0.0424,-1955.7859,-21401.554,0.4717,2163.0652,-25520.4051,N,0.9878,0.9996,0.8794,0.077,0.3122,114.7702,-11.33748708707433
GP_VAE0_0.3_0_alpha_1.0_beta_0.01_lr_0.0005_noise_std_0.1_noise_sigma_0.01,0.0184,-2168.2232,-184909.4955,0.7189,30752.4235,-217830.1423,N,0.9379,0.9128,0.9958,0.0699,0.0133,154.5062,-11.702738628212025
GP_VAE1_0.3_0_alpha_1.0_beta_0.001_lr_0.0005_noise_std_0.1_noise_sigma_0.001,0.014,-2178.4428,-278294.6822,0.7647,17312.1537,-297785.2787,N,0.8816,0.8679,0.9132,0.0981,-0.0262,154.5062,-10.10161529523473
Mean_Imputation_0.3_0,0.0,-2191.5631,N,1.0118,19877.3303,N,N,N,N,N,N,N,N,
KNN_Imputation_0.3_0,0.0,-2191.5631,N,1.0115,19863.9531,N,N,N,N,N,N,N,N,
MICE_Imputation_0.3_0,0.0,-2191.5631,N,1.0115,19863.9531,N,N,N,N,N,N,N,N,
Posterior_Consistency_0.3_0,0.053,-1401.6965,-17668.3328,0.5911,12002.1237,-31072.153,N,0.9597,0.9998,0.8668,-0.0739,0.3651,111.6752,-11.926862582984974
GP_VAE0_0.3_1_alpha_1.0_beta_0.01_lr_0.0005_noise_std_0.1_noise_sigma_0.01,0.0171,-2177.3407,-233213.9718,0.6895,25366.6524,-260757.9649,N,0.9677,0.9564,0.9943,0.0934,-0.0134,134.7733,-10.869550571266224
GP_VAE1_0.3_1_alpha_1.0_beta_0.001_lr_0.0005_noise_std_0.1_noise_sigma_0.001,0.0206,-2175.0915,-255441.4398,0.7356,15974.3404,-273590.8717,N,0.8056,0.7602,0.9121,0.1465,0.0773,134.7733,-10.087376460853626
Mean_Imputation_0.3_1,0.0,-2198.766,N,1.025,20269.0921,N,N,N,N,N,N,N,N,
KNN_Imputation_0.3_1,0.0,-2198.766,N,1.0248,20261.9507,N,N,N,N,N,N,N,N,
MICE_Imputation_0.3_1,0.0,-2198.766,N,1.0248,20261.9507,N,N,N,N,N,N,N,N,
Posterior_Consistency_0.3_1,0.0539,-1393.263,-17484.0827,0.5847,10541.0848,-29418.4305,N,0.961,0.9998,0.8702,0.0495,0.3747,141.8143,-11.976889953437855
GP_VAE0_0.3_2_alpha_1.0_beta_0.01_lr_0.0005_noise_std_0.1_noise_sigma_0.01,0.0132,-2168.369,-224713.6467,0.7089,27870.7816,-254752.7972,N,0.9731,0.9641,0.9939,0.1775,0.0089,130.7104,-10.874494895759632
GP_VAE1_0.3_2_alpha_1.0_beta_0.001_lr_0.0005_noise_std_0.1_noise_sigma_0.001,0.0144,-2171.5005,-263776.812,0.7594,18134.1712,-284082.4837,N,0.8782,0.853,0.9361,0.1891,0.1033,130.7104,-10.917029247108509
Mean_Imputation_0.3_2,0.0,-2184.5924,N,1.0229,20488.0922,N,N,N,N,N,N,N,N,
KNN_Imputation_0.3_2,0.0,-2184.5924,N,1.0232,20498.0661,N,N,N,N,N,N,N,N,
MICE_Imputation_0.3_2,0.0,-2184.5924,N,1.0232,20498.0661,N,N,N,N,N,N,N,N,
Posterior_Consistency_0.3_2,0.0667,-1316.3989,-17047.7769,0.6055,11880.8741,-30245.0498,N,0.9487,0.9923,0.8487,-0.1129,0.3679,64.5472,-12.09181772214513
GP_VAE0_0.5_0_alpha_1.0_beta_0.01_lr_0.0005_noise_std_0.1_noise_sigma_0.01,0.0254,-1552.4787,-234412.3494,0.8271,51300.1081,-287264.9362,N,0.8548,0.7237,0.9878,0.2018,0.0142,141.8646,-12.327152595344593
GP_VAE1_0.5_0_alpha_1.0_beta_0.001_lr_0.0005_noise_std_0.1_noise_sigma_0.001,0.0118,-1572.8987,-338908.6638,0.8652,33813.2254,-374294.7879,N,0.8907,0.8967,0.8845,0.3468,-0.0214,141.8646,-10.035595760170033
Mean_Imputation_0.5_0,0.0,-1579.5426,N,1.0175,33138.0278,N,N,N,N,N,N,N,N,
KNN_Imputation_0.5_0,0.0,-1579.5426,N,1.0174,33130.1038,N,N,N,N,N,N,N,N,
MICE_Imputation_0.5_0,0.0,-1579.5426,N,1.0174,33130.1038,N,N,N,N,N,N,N,N,
Posterior_Consistency_0.5_0,0.0862,-882.1593,-12808.1073,0.7407,29622.8729,-43313.1395,N,0.9097,0.9548,0.8639,-0.2966,0.3609,83.7463,-12.587464198890736
GP_VAE0_0.5_1_alpha_1.0_beta_0.01_lr_0.0005_noise_std_0.1_noise_sigma_0.01,0.0189,-1548.4474,-190494.6151,0.8326,51437.4374,-243480.4999,N,0.9624,0.9411,0.9837,0.2008,0.0384,145.8212,-11.562646255317738
GP_VAE1_0.5_1_alpha_1.0_beta_0.001_lr_0.0005_noise_std_0.1_noise_sigma_0.001,0.0145,-1558.3952,-171027.9329,0.7945,27075.449,-199661.7771,N,0.9176,0.9768,0.8584,0.2664,0.041,145.8212,-8.249993667427113
Mean_Imputation_0.5_1,0.0,-1569.7837,N,1.019,33446.3902,N,N,N,N,N,N,N,N,
KNN_Imputation_0.5_1,0.0,-1569.7837,N,1.0192,33460.2178,N,N,N,N,N,N,N,N,
MICE_Imputation_0.5_1,0.0,-1569.7837,N,1.0192,33460.2178,N,N,N,N,N,N,N,N,
Posterior_Consistency_0.5_1,0.0821,-927.8806,-12847.0667,0.7401,32392.1299,-46167.0771,N,0.9082,0.9571,0.8593,-0.3016,0.3571,120.9002,-12.588059768501331
GP_VAE0_0.5_2_alpha_1.0_beta_0.01_lr_0.0005_noise_std_0.1_noise_sigma_0.01,0.0184,-1550.3088,-225427.4099,0.8782,64104.7883,-291082.507,N,0.9464,0.8993,0.9935,0.2266,0.0027,201.0689,-12.271664962593128
GP_VAE1_0.5_2_alpha_1.0_beta_0.001_lr_0.0005_noise_std_0.1_noise_sigma_0.001,0.0117,-1559.2965,-247834.1253,0.8628,32589.06,-281982.4819,N,0.907,0.9527,0.8613,0.1883,-0.0593,201.0689,-10.136327133003284
Mean_Imputation_0.5_2,0.0,-1567.2278,N,1.0311,34337.8591,N,N,N,N,N,N,N,N,
KNN_Imputation_0.5_2,0.0,-1567.2278,N,1.0299,34258.5714,N,N,N,N,N,N,N,N,
MICE_Imputation_0.5_2,0.0,-1567.2278,N,1.0299,34258.5714,N,N,N,N,N,N,N,N,
Posterior_Consistency_0.5_2,0.0798,-906.0658,-12811.1422,0.7529,31905.8966,-45623.1046,N,0.9043,0.958,0.8506,-0.3055,0.3766,98.1597,-12.576868400398304
GP_VAE0_0.7_0_alpha_1.0_beta_0.01_lr_0.0005_noise_std_0.1_noise_sigma_0.01,0.0241,-939.051,-208090.9177,0.9334,78682.5388,-287712.5076,N,0.9184,0.7905,0.9743,0.2635,-0.0114,163.4223,-13.206828460517933
GP_VAE1_0.7_0_alpha_1.0_beta_0.001_lr_0.0005_noise_std_0.1_noise_sigma_0.001,0.0169,-945.005,-157277.2919,0.9628,52363.2393,-210585.5362,N,0.8199,0.8911,0.7888,0.1505,0.061,163.4223,-10.51665435773473
Mean_Imputation_0.7_0,0.0,-953.8132,N,1.0246,47136.3236,N,N,N,N,N,N,N,N,
KNN_Imputation_0.7_0,0.0,-953.8132,N,1.0241,47083.3282,N,N,N,N,N,N,N,N,
MICE_Imputation_0.7_0,0.0,-953.8132,N,1.0241,47083.3282,N,N,N,N,N,N,N,N,
Posterior_Consistency_0.7_0,0.0635,-617.0752,-8233.7197,0.9047,70863.3676,-79714.1625,N,0.9178,0.9978,0.8828,-0.0126,0.2889,100.403,-13.497492656532337
GP_VAE0_0.7_1_alpha_1.0_beta_0.01_lr_0.0005_noise_std_0.1_noise_sigma_0.01,0.0289,-906.5461,-236261.6414,0.9372,73334.659,-310502.8465,N,0.8707,0.6588,0.9593,0.2028,-0.0227,102.4076,-12.614694938484242
GP_VAE1_0.7_1_alpha_1.0_beta_0.001_lr_0.0005_noise_std_0.1_noise_sigma_0.001,0.0135,-920.5214,-252888.9317,0.9107,51104.9894,-304914.4426,N,0.8591,0.8531,0.8616,0.1859,0.0207,102.4076,-12.312980995002796
Mean_Imputation_0.7_1,0.0,-925.466,N,1.024,47682.5169,N,N,N,N,N,N,N,N,
KNN_Imputation_0.7_1,0.0,-925.466,N,1.0241,47694.0189,N,N,N,N,N,N,N,N,
MICE_Imputation_0.7_1,0.0,-925.466,N,1.0241,47694.0189,N,N,N,N,N,N,N,N,
Posterior_Consistency_0.7_1,0.0653,-582.2556,-7911.9114,0.9065,70309.0658,-78803.2328,N,0.913,0.9812,0.8844,-0.3029,0.2963,110.372,-13.218105659309437
GP_VAE0_0.7_2_alpha_1.0_beta_0.01_lr_0.0005_noise_std_0.1_noise_sigma_0.01,0.018,-931.0585,-218657.5665,0.9186,80402.0801,-299990.7051,N,0.9678,0.9415,0.979,-0.0592,-0.0125,197.34,-13.215860709968617
GP_VAE1_0.7_2_alpha_1.0_beta_0.001_lr_0.0005_noise_std_0.1_noise_sigma_0.001,0.0236,-927.7388,-212975.0112,0.9633,52231.5431,-266134.2931,N,0.7669,0.7226,0.7858,-0.1239,-0.0411,197.34,-12.126577720466663
Mean_Imputation_0.7_2,0.0,-940.8014,N,1.0249,47439.829,N,N,N,N,N,N,N,N,
KNN_Imputation_0.7_2,0.0,-940.8014,N,1.0246,47414.461,N,N,N,N,N,N,N,N,
MICE_Imputation_0.7_2,0.0,-940.8014,N,1.0246,47414.461,N,N,N,N,N,N,N,N,
Posterior_Consistency_0.7_2,0.0567,-623.2523,-8175.6481,0.9108,71360.5618,-80159.4622,N,0.917,0.9998,0.8815,-0.0919,0.2839,135.4457,-13.34564195615392
